"","","","",""
"Cuadro 5.30-24","","","",""
"REPÚBLICA DOMINICANA: Tasa neta de cobertura por nivel, según región y provincia, 2012-2013 ","","","",""
"","","","",""
"Región / Provincia","Nivel","","",""
"rp","Inicial ","Básico ","Medio ",""
"","","","",""
"Total país","41.9","90.7","54",""
"","","","",""
"Ozama","50.7","89.8","57.2",""
"Distrito Nacional ","56.1","93.5","67.9",""
"Santo Domingo ","48.8","88.6","53.3",""
"Higuamo","37.5","95.4","52.1",""
"Hato Mayor ","31.6","97.2","48.5",""
"Monte Plata ","29.5","91.3","48.6",""
"San Pedro de Macorís ","44.5","97.7","55.5",""
"Yuma","42.1","95.4","46",""
"El Seibo ","32.4","91.3","29.5",""
"La Altagracia ","39.9","100.7","48.3",""
"La Romana ","47.8","91.8","50",""
"Valdesia","36.3","92.1","51.1",""
"Azua ","32.9","88.6","47.1",""
"Peravia ","31.5","88.8","45",""
"San Cristóbal ","39.6","95","54.6",""
"San José de Ocoa ","28.1","86.3","52.2",""
"Cibao Nordeste","35.8","86.2","55.9",""
"Duarte ","37.7","85.5","58.2",""
"Hermanas Mirabal ","39.6","87.6","58.5",""
"María Trinidad Sánchez ","32.6","81.9","50.9",""
"Samaná ","31.7","92.9","54.4",""
"Cibao Noroeste","33.7","85","54.3",""
"Dajabón ","37.6","86.3","55.4",""
"Monte Cristi ","28.3","84.2","51.4",""
"Santiago Rodríguez ","35.6","84.1","54.9",""
"Valverde ","34.9","85.4","55.5",""
"Cibao Norte","39.8","92","57.6",""
"Espaillat ","35.3","85.9","54.7",""
"Puerto Plata ","41.8","90.2","57.9",""
"Santiago ","40.1","94.2","58.2",""
"Cibao Sur","38.1","88.8","54.6",""
"La Vega ","38.8","89.3","52.6",""
"Monseñor Nouel ","41.7","90.4","61.8",""
"Sánchez Ramírez ","32.2","85.8","51.8",""
"El Valle","31.9","91.9","44",""
"Elías Piña ","26","91.1","32.8",""
"San Juan ","34","92.1","47.2",""
"Enriquillo","30","89.5","42.2",""
"Baoruco ","28.3","92","37.4",""
"Barahona ","34","93.2","46.1",""
"Independencia ","25.8","81.7","42.8",""
"Pedernales ","20","72.7","32",""
"","","","",""
"","","","",""
"Fuente: Departamento de Estadística, Ministerio de Educación de la República Dominicana (MINERD)","","","",""
